[
    {
        "title": "What is Muktir Ghonta?",
        "description": "Muktir ghonta is a Youth organization, It is run by a few intellectual & idealistic youth personalities. Founded by Saad Al Amin & Naimur Rahman Talha on 14 November 2018. When we started Muktir Ghonta there were just 3 people. But after some time we're able to have 5 more members. And every single one of them is tremendously creative in different types of fields. Currently, we have more than 20 members, every single of them is insanely creative & productive. Those members are improving themselves day by day under the help & guidelines of Muktir Ghonta. Mukitr Ghonta is going to impact A Million of People's Life & Mindset Through cultural work like Cinema, Music, Art, Festival & social works.",
        "link": "about.html"
    },
    {
        "title": "What is the History of Muktir Ghonta?",
        "description": "Founded by Saad Al Amin & Naimur Rahman Talha on 14 November 2018. When we started Muktir Ghonta there were just 3 people. But after some time we're able to have 5 more members. And every single one of them is tremendously creative in different types of fields. Currently, we have more than 20 members, every single of them is insanely creative & productive. Those members are improving themselves day by day under the help & guidelines of Muktir Ghonta.",
        "link": "about.html"
    },
    {
        "title": "Who is the founder of Muktir Ghonta?",
        "description": "Saad Al Amin & Naimur Rahman Talha founded Muktir Ghonta on 14 November 2018",
        "link": "about.html"
    },
    {
        "title": "What is the main role of Muktir Ghonta?",
        "description": "Muktir ghonta is a Youth organization, It is going to impact A Million of People's Life & Mindset Through cultural work like Cinema, Music, Art, Festival & social works.",
        "link": "about.html"
    },
    {
        "title": "How many members are now working in Muktir Ghonta?",
        "description": "When we started Muktir Ghonta there were just 3 people. But after some time we're able to have 5 more members. And every single one of them is tremendously creative in different types of fields. Currently, we have more than 20 members.",
        "link": "about.html"
    },
    {
        "title": "What is the link of the main facebook page of Muktir Ghonta?",
        "description": "Facebook page: https://www.facebook.com/muktirghonta/",
        "link": "https://www.facebook.com/muktirghonta/"
    },
    {
        "title": "How can i contact Muktir Ghonta?",
        "description": "You can contact us through our email address - info@muktirghonta.com , or directly you can post your message in the 'Contact Us' page, we will listen your message as soon as possible.",
        "link": "contact.html"
    },
    {
        "title": "What is the main goal of Muktir Ghonta?",
        "description": "Muktir Ghonta is going to impact A Million of People's Life & Mindset Through cultural work like Cinema, Music, Art, Festival & social works.",
        "link": "about.html"
    },
    {
        "title": "What is the main vision of Muktir Ghonta?",
        "description": "Muktir Ghonta is going to impact A Million of People's Life & Mindset Through cultural work like Cinema, Music, Art, Festival & social works.",
        "link": "about.html"
    },
    {
        "title": "What is the main mission of Muktir Ghonta?",
        "description": "Muktir Ghonta is going to impact A Million of People's Life & Mindset Through cultural work like Cinema, Music, Art, Festival & social works.",
        "link": "about.html"
    },
    {
        "title": "What is the main purpose of Muktir Ghonta?",
        "description": "Muktir Ghonta is going to impact A Million of People's Life & Mindset Through cultural work like Cinema, Music, Art, Festival & social works.",
        "link": "about.html"
    },
    {
        "title": "What is the main aim of Muktir Ghonta?",
        "description": "Muktir Ghonta is going to impact A Million of People's Life & Mindset Through cultural work like Cinema, Music, Art, Festival & social works.",
        "link": "about.html"
    },
    {
        "title": "What is the main objective of Muktir Ghonta?",
        "description": "Muktir Ghonta is going to impact A Million of People's Life & Mindset Through cultural work like Cinema, Music, Art, Festival & social works.",
        "link": "about.html"
    },
    {
        "title": "How Muktir Ghonta is going to impact A Million of People's Life & Mindset?",
        "description": "Muktir Ghonta is going to impact A Million of People's Life & Mindset Through cultural work like Cinema, Music, Art, Festival & social works.",
        "link": "about.html"
    },
    {
        "title": "What is the link of the main linkedin page of Muktir Ghonta?",
        "description": "Linkedin page: https://www.linkedin.com/company/muktirghonta/",
        "link": "https://www.linkedin.com/company/muktirghonta/"
    },
    {
        "title": "How many awards Muktir Ghonta has won?",
        "description": "Our team leader Saad Al Amin has won 2 awards.<br/>1. Best Designer Award in 2021 from Elan Records 2. Glocal Teen Hero Top Six Finalist 2022 in 2022 from 'Glocal Pvt. Ltd.'.<br/>Also our team members have won many awards in different fields.",
        "link": "achieve.html"
    },
    {
        "title": "Official Website of Saad Al Amin",
        "description": "Saad Al Amin is the founder of Muktir Ghonta. He is a designer, developer, entrepreneur, musician, artist, writer, filmmaker & social worker. Link is given below: <br/>https://saadalamin.github.io/",
        "link": "https://saadalamin.github.io/"
    }
]