[
    {
        "title": "What is Muktir Ghonta?",
        "description": "Muktir ghonta is a Youth organization, It is run by a few intellectual & idealistic youth personalities. Founded by Saad Al Amin & Naimur Rahman Talha on 14 November 2018. When we started Muktir Ghonta there were just 3 people. But after some time we're able to have 5 more members. And every single one of them is tremendously creative in different types of fields. Currently, we have more than 20 members, every single of them is insanely creative & productive. Those members are improving themselves day by day under the help & guidelines of Muktir Ghonta. Mukitr Ghonta is going to impact A Million of People's Life & Mindset Through cultural work like Cinema, Music, Art, Festival & social works.",
        "link": "about.html"
    },
    {
        "title": "Who is the founder of Muktir Ghonta?",
        "description": "Saad Al Amin & Naimur Rahman Talha founded Muktir Ghonta on 14 November 2018",
        "link": "about.html"
    },
    {
        "title": "What is the main role of Muktir Ghonta?",
        "description": "Muktir ghonta is a Youth organization, It is going to impact A Million of People's Life & Mindset Through cultural work like Cinema, Music, Art, Festival & social works.",
        "link": "about.html"
    },
    {
        "title": "How many members are now working in Muktir Ghonta?",
        "description": "When we started Muktir Ghonta there were just 3 people. But after some time we're able to have 5 more members. And every single one of them is tremendously creative in different types of fields. Currently, we have more than 20 members.",
        "link": "about.html"
    },
    {
        "title": "What is the link of the main facebook page of Muktir Ghonta?",
        "description": "Facebook page: https://www.facebook.com/muktirghonta/",
        "link": "https://www.facebook.com/muktirghonta/"
    },
    {
        "title": "How can i contact Muktir Ghonta?",
        "description": "You can contact us through our email address - info@muktirghonta.com , or directly you can post your message in the 'Contact Us' page, we will listen your message as soon as possible.",
        "link": "contact.html"
    }
]